{"experiment_info": "Greedy agent, Distopia Environment", "start_time": "2019-09-26 23:38:09.733929", "metric_names": ["population", "pvi", "compactness", "projected_votes", "race"], "task": [0, 0, 1, 0, 1], "run_log": [{"step_no": 0, "metrics": "[7.73026015e+05 2.35050000e+04 2.80346471e-01 4.07580454e-01\n 6.44965249e-02]", "design": {"0": [[499, 702]], "1": [[256, 894], [246.78744575813656, 955.4115228132617], [247.75140173362766, 895.1672085263696], [226.201899368802, 864.573801627521], [206.33776736785973, 894.1745570743713]], "2": [[350, 802], [354.77418853159764, 782.9781658502584]], "3": [[806, 419]], "4": [[118, 570], [113.14313021057414, 624.8476271718432], [120.95432503894538, 614.7110689119916], [115.71412110150338, 460.2287429465082]], "5": [[591, 393], [631.5326689707995, 516.8697815447665], [596.9138826757544, 501.56341647994554], [528.3141412214292, 483.72914340036857], [560.4150979968623, 449.56613392472843]], "6": [[392, 766]], "7": [[803, 791]]}, "reward": 0.3448429955763094}, {"step_no": 1, "metrics": "[7.72905703e+05 2.35050000e+04 2.80346471e-01 4.03310630e-01\n 6.53133809e-02]", "design": {"0": [[471, 790]], "1": [[256, 894], [246.78744575813656, 955.4115228132617], [247.75140173362766, 895.1672085263696], [226.201899368802, 864.573801627521], [206.33776736785973, 894.1745570743713]], "2": [[350, 802], [354.77418853159764, 782.9781658502584]], "3": [[806, 419]], "4": [[118, 570], [113.14313021057414, 624.8476271718432], [120.95432503894538, 614.7110689119916], [115.71412110150338, 460.2287429465082]], "5": [[591, 393], [631.5326689707995, 516.8697815447665], [596.9138826757544, 501.56341647994554], [528.3141412214292, 483.72914340036857], [560.4150979968623, 449.56613392472843]], "6": [[392, 766]], "7": [[803, 791]]}, "reward": 0.3456598516310607}, {"step_no": 2, "metrics": "[7.72908560e+05 2.35050000e+04 2.80346471e-01 4.08243904e-01\n 7.09347205e-02]", "design": {"0": [[471, 790]], "1": [[256, 894], [246.78744575813656, 955.4115228132617], [247.75140173362766, 895.1672085263696], [226.201899368802, 864.573801627521], [206.33776736785973, 894.1745570743713]], "2": [[350, 802], [347, 833]], "3": [[806, 419]], "4": [[118, 570], [113.14313021057414, 624.8476271718432], [120.95432503894538, 614.7110689119916], [115.71412110150338, 460.2287429465082]], "5": [[591, 393], [631.5326689707995, 516.8697815447665], [596.9138826757544, 501.56341647994554], [528.3141412214292, 483.72914340036857], [560.4150979968623, 449.56613392472843]], "6": [[392, 766]], "7": [[803, 791]]}, "reward": 0.3512811912185311}, {"step_no": 3, "metrics": "[7.66397451e+05 2.92760000e+04 2.80346471e-01 4.07221322e-01\n 7.16524203e-02]", "design": {"0": [[471, 790]], "1": [[256, 894], [246.78744575813656, 955.4115228132617], [247.75140173362766, 895.1672085263696], [226.201899368802, 864.573801627521], [206.33776736785973, 894.1745570743713]], "2": [[350, 802], [347, 833]], "3": [[806, 419]], "4": [[118, 570], [113.14313021057414, 624.8476271718432], [120.95432503894538, 614.7110689119916], [115.71412110150338, 460.2287429465082]], "5": [[591, 393], [631.5326689707995, 516.8697815447665], [596.9138826757544, 501.56341647994554], [528.3141412214292, 483.72914340036857], [560.4150979968623, 449.56613392472843]], "6": [[392, 766]], "7": [[750, 707]]}, "reward": 0.35199889101666526}, {"step_no": 4, "metrics": "[7.58576981e+05 2.92760000e+04 2.80346471e-01 4.11654897e-01\n 7.21088078e-02]", "design": {"0": [[471, 790]], "1": [[256, 894], [246.78744575813656, 955.4115228132617], [247.75140173362766, 895.1672085263696], [226.201899368802, 864.573801627521], [206.33776736785973, 894.1745570743713]], "2": [[350, 802], [347, 833]], "3": [[806, 419]], "4": [[118, 570], [113.14313021057414, 624.8476271718432], [120.95432503894538, 614.7110689119916], [115.71412110150338, 460.2287429465082]], "5": [[591, 393], [631.5326689707995, 516.8697815447665], [596.9138826757544, 501.56341647994554], [528.3141412214292, 483.72914340036857], [560.4150979968623, 449.56613392472843]], "6": [[392, 766]], "7": [[795, 639]]}, "reward": 0.35245527849260044}], "end_time": "2019-09-26 23:38:14.676438"}