{"experiment_info": "Greedy agent, Distopia Environment", "start_time": "2019-09-22 21:08:54.185965", "metric_names": ["population", "pvi", "compactness", "projected_votes", "race"], "task": [0, 0, 1, 0, 1], "run_log": [{"step_no": 0, "metrics": "[7.28310161e+05 1.71921500e+05 2.60687203e-01 4.21789280e-01\n 6.44918479e-02]", "design": {"0": [[288, 741], [292.07065565161565, 743.3479164999795], [290.1727469243873, 745.3783388522578], [248.70692725544535, 744.4696709858055]], "1": [[710, 513]], "2": [[119, 498], [124.57561408901003, 514.4177339381737]], "3": [[113, 253], [79.1761063401502, 243.35634410058162], [179.2230273503252, 219.98267376782786]], "4": [[286, 833], [283.3916977681632, 828.3895480818832], [248.76777842931483, 844.8870453004786]], "5": [[884, 141], [949.8864039389388, 102.30513140013534], [818.2602350329735, 90.0951430509117]], "6": [[463, 476], [436.0349281751104, 474.4503585850676], [387.7521783186068, 444.0834011350732], [415.96616126711854, 364.978443206444], [454.8730075732607, 513.4942470611497]], "7": [[770, 711]]}}, {"step_no": 1, "metrics": "[7.28310161e+05 1.71921500e+05 2.60687203e-01 4.21789280e-01\n 6.44918479e-02]", "design": {"0": [[288, 741], [292.07065565161565, 743.3479164999795], [290.1727469243873, 745.3783388522578], [248.70692725544535, 744.4696709858055]], "1": [[710, 513]], "2": [[119, 498], [124.57561408901003, 514.4177339381737]], "3": [[140, 295], [79.1761063401502, 243.35634410058162], [179.2230273503252, 219.98267376782786]], "4": [[286, 833], [283.3916977681632, 828.3895480818832], [248.76777842931483, 844.8870453004786]], "5": [[884, 141], [949.8864039389388, 102.30513140013534], [818.2602350329735, 90.0951430509117]], "6": [[463, 476], [436.0349281751104, 474.4503585850676], [387.7521783186068, 444.0834011350732], [415.96616126711854, 364.978443206444], [454.8730075732607, 513.4942470611497]], "7": [[770, 711]]}}, {"step_no": 2, "metrics": "[7.28310161e+05 1.71921500e+05 2.60687203e-01 4.21789280e-01\n 6.44918479e-02]", "design": {"0": [[288, 741], [292.07065565161565, 743.3479164999795], [290.1727469243873, 745.3783388522578], [248.70692725544535, 744.4696709858055]], "1": [[710, 513]], "2": [[119, 498], [124.57561408901003, 514.4177339381737]], "3": [[140, 295], [79.1761063401502, 243.35634410058162], [179.2230273503252, 219.98267376782786]], "4": [[286, 833], [283.3916977681632, 828.3895480818832], [238, 893]], "5": [[884, 141], [949.8864039389388, 102.30513140013534], [818.2602350329735, 90.0951430509117]], "6": [[463, 476], [436.0349281751104, 474.4503585850676], [387.7521783186068, 444.0834011350732], [415.96616126711854, 364.978443206444], [454.8730075732607, 513.4942470611497]], "7": [[770, 711]]}}, {"step_no": 3, "metrics": "[7.29718041e+05 1.71921500e+05 2.60687203e-01 4.21488704e-01\n 6.49266310e-02]", "design": {"0": [[288, 741], [292.07065565161565, 743.3479164999795], [290.1727469243873, 745.3783388522578], [248.70692725544535, 744.4696709858055]], "1": [[710, 513]], "2": [[119, 498], [124.57561408901003, 514.4177339381737]], "3": [[140, 295], [79.1761063401502, 243.35634410058162], [179.2230273503252, 219.98267376782786]], "4": [[286, 833], [283.3916977681632, 828.3895480818832], [238, 893]], "5": [[884, 141], [949.8864039389388, 102.30513140013534], [818.2602350329735, 90.0951430509117]], "6": [[463, 476], [436.0349281751104, 474.4503585850676], [387.7521783186068, 444.0834011350732], [382, 327], [454.8730075732607, 513.4942470611497]], "7": [[770, 711]]}}, {"step_no": 4, "metrics": "[7.29718041e+05 1.71921500e+05 2.60687203e-01 4.21488704e-01\n 6.49266310e-02]", "design": {"0": [[288, 741], [292.07065565161565, 743.3479164999795], [290.1727469243873, 745.3783388522578], [248.70692725544535, 744.4696709858055]], "1": [[710, 513]], "2": [[119, 498], [124.57561408901003, 514.4177339381737]], "3": [[140, 295], [79.1761063401502, 243.35634410058162], [179.2230273503252, 219.98267376782786]], "4": [[286, 833], [283.3916977681632, 828.3895480818832], [238, 893]], "5": [[884, 141], [949.8864039389388, 102.30513140013534], [818.2602350329735, 90.0951430509117]], "6": [[463, 476], [382, 449], [387.7521783186068, 444.0834011350732], [382, 327], [454.8730075732607, 513.4942470611497]], "7": [[770, 711]]}}], "end_time": "2019-09-22 21:08:56.802860"}