{"experiment_info": "Greedy agent, Distopia Environment", "start_time": "2019-09-22 21:25:03.538972", "metric_names": ["population", "pvi", "compactness", "projected_votes", "race"], "task": [0, 0, 1, 0, 1], "run_log": [{"step_no": 0, "metrics": "[5.17374555e+05 1.39375000e+05 1.77264990e-01 4.39442510e-01\n 7.14508517e-02]", "design": {"0": [[661, 797], [617.6607547806137, 799.6238147801893], [653.2632525159989, 897.9349447039776], [640.3763461867406, 869.0309642787885], [531.8080951325618, 795.9532876531043]], "1": [[375, 218]], "2": [[258, 487], [282.01222271620776, 575.8876864437971], [295.724806589926, 425.93778910089384], [240.45669429539316, 507.1410614112917]], "3": [[229, 332], [136.5048875548731, 336.6542047803982], [152.97083374610696, 318.0888808075687], [78.08608091605316, 270.5770006652689], [186.57605528540455, 330.9705930998027]], "4": [[372, 651], [346.293943473637, 610.7828800571893], [364.83523356602694, 635.1779627528807]], "5": [[786, 452]], "6": [[278, 735], [295.2063805916381, 700.3758034494556], [277.70765339604714, 751.6612636612199]], "7": [[607, 392]]}, "reward": 0.24871584181007797}, {"step_no": 1, "metrics": "[5.17374555e+05 1.39375000e+05 1.77264990e-01 4.39442510e-01\n 7.14508517e-02]", "design": {"0": [[661, 797], [617.6607547806137, 799.6238147801893], [653.2632525159989, 897.9349447039776], [640.3763461867406, 869.0309642787885], [531.8080951325618, 795.9532876531043]], "1": [[375, 218]], "2": [[258, 487], [282.01222271620776, 575.8876864437971], [295.724806589926, 425.93778910089384], [240.45669429539316, 507.1410614112917]], "3": [[229, 332], [136.5048875548731, 336.6542047803982], [119, 265], [78.08608091605316, 270.5770006652689], [186.57605528540455, 330.9705930998027]], "4": [[372, 651], [346.293943473637, 610.7828800571893], [364.83523356602694, 635.1779627528807]], "5": [[786, 452]], "6": [[278, 735], [295.2063805916381, 700.3758034494556], [277.70765339604714, 751.6612636612199]], "7": [[607, 392]]}, "reward": 0.24871584181007797}, {"step_no": 2, "metrics": "[5.17374555e+05 1.39375000e+05 1.77264990e-01 4.39442510e-01\n 7.14508517e-02]", "design": {"0": [[661, 797], [617.6607547806137, 799.6238147801893], [653.2632525159989, 897.9349447039776], [640.3763461867406, 869.0309642787885], [531.8080951325618, 795.9532876531043]], "1": [[375, 218]], "2": [[258, 487], [282.01222271620776, 575.8876864437971], [295.724806589926, 425.93778910089384], [249, 420]], "3": [[229, 332], [136.5048875548731, 336.6542047803982], [119, 265], [78.08608091605316, 270.5770006652689], [186.57605528540455, 330.9705930998027]], "4": [[372, 651], [346.293943473637, 610.7828800571893], [364.83523356602694, 635.1779627528807]], "5": [[786, 452]], "6": [[278, 735], [295.2063805916381, 700.3758034494556], [277.70765339604714, 751.6612636612199]], "7": [[607, 392]]}, "reward": 0.24871584181007797}, {"step_no": 3, "metrics": "[6.94725567e+05 1.13333000e+05 2.39679900e-01 4.33219649e-01\n 5.70473490e-02]", "design": {"0": [[661, 797], [617.6607547806137, 799.6238147801893], [653.2632525159989, 897.9349447039776], [640.3763461867406, 869.0309642787885], [531.8080951325618, 795.9532876531043]], "1": [[375, 218]], "2": [[258, 487], [282.01222271620776, 575.8876864437971], [295.724806589926, 425.93778910089384], [249, 420]], "3": [[229, 332], [136.5048875548731, 336.6542047803982], [119, 265], [78.08608091605316, 270.5770006652689], [186.57605528540455, 330.9705930998027]], "4": [[372, 651], [346.293943473637, 610.7828800571893], [364.83523356602694, 635.1779627528807]], "5": [[714, 416]], "6": [[278, 735], [295.2063805916381, 700.3758034494556], [277.70765339604714, 751.6612636612199]], "7": [[607, 392]]}, "reward": 0.2967272485522006}, {"step_no": 4, "metrics": "[6.94725567e+05 1.13333000e+05 2.39679900e-01 4.33219649e-01\n 5.70473490e-02]", "design": {"0": [[661, 797], [617.6607547806137, 799.6238147801893], [653.2632525159989, 897.9349447039776], [640.3763461867406, 869.0309642787885], [531.8080951325618, 795.9532876531043]], "1": [[375, 218]], "2": [[258, 487], [282.01222271620776, 575.8876864437971], [295.724806589926, 425.93778910089384], [249, 420]], "3": [[229, 332], [136.5048875548731, 336.6542047803982], [152, 180], [78.08608091605316, 270.5770006652689], [186.57605528540455, 330.9705930998027]], "4": [[372, 651], [346.293943473637, 610.7828800571893], [364.83523356602694, 635.1779627528807]], "5": [[714, 416]], "6": [[278, 735], [295.2063805916381, 700.3758034494556], [277.70765339604714, 751.6612636612199]], "7": [[607, 392]]}, "reward": 0.2967272485522006}], "end_time": "2019-09-22 21:25:08.465237"}